1441154580, take bow
1440723327,mynameis
1440764598,califona love
311629509,Drops of jupiter
214403648,Rockstar
1440769862,The Reason
296016899,Single Ladies
723495673,Red Red Wine
574044008,highway
1441164805,yesterday
1440718913,dont speak
1179478104,Home
1445727509,When Im gone
294461792,No One
303171368,Bye Bye Bye
264720106,Electric Feel
1609498973,sunday rmong
1670681199,Your Love
1160082180,baket case
425320500,hey soul sister
202272624,Dreams
697195462,One More Time
1440952840,Bad Moon Rising
1658644941,Dream On
267537169,Iris
208294873,like a tone
1440735264,Zombie
945568998,Dani califaon
155658510,Hips Dont Lie
1349742253,American BOy
574051407,Thunderstruck
269573341,Beat It
1440818665,poker face
1440651297,Radio GAGA
286659245,boys dont cry
290303003,sexonfire
1440783636,come as you are
723398294,Wannabe
1442846328,Stronger
1440651291,Under Pressure
1441164738,let it be
1440818653,Just Dance
1440853776,Imagine
1441410309,Heartless
1440950725,Fortunate Son
1515706878,One Love
1629115896,Jamming
1440910931,Rocket Man
1469575848,Is This Love
1122776155,The Scientist
1452811341,Regulate
273750250,Maneater
425465318,even flow
724684457,Angels
1073189255,Ella y yo
268314585,no air
1453582326,99 luftballons
282658468,Faith
1440924886,lovefool
586705159,All sumer long
1443147099,Break you heart
302987569,Reptillia
1039797280,Starman
1157768034,heroes
1440775739,Rude Boy
1390562691,Du HAst
1440768829,Cocaine
1440770037,hot in herre
1440921233, intoo deep
1467968652,Dile
1660150606,Suga Suga
1440723567,Shake That
1440654464,What I Got
200588178,Shook Ones
214146211,Purple Rain
437027833,Fallin'
1443293522,Birthday Sex
1440843257,Rollin
725821929,NO Rain
697409668,The Best
722361671,True
1451904360,Homecoming
1610800665,i wnna lov you
1440757476,Because of you
340127677,Kiss From a Rose
80815209,Material Girl
1443912092,Closing Time
862710010,Yo Voy
1440825374,YMCA
1440845801,Lady Marmelade
1440759839,No One Knows
336037282,Ronettes
1437587156,Happy Xmas
1440921141,Fat Lip
83445997,Like a Prayer
1440949865,Everybody Hurts
1156311437,Im not okay
211280101,Obsesion
184335660,Gravity
553356946,Rasputin
1440930363,heart of glass
1439215037,CREAM
193014297,Poison
988003444,Easy
303189384,American Woman
1440853240,Angie
365425141,Bby come back
635791802,Take it Easy
