1648047914,https://p.scdn.co/mp3-preview/f66d72498dd5b331abfdfc5f19a84f9f87f9b465?cid=162b7dc01f3a4a2ca32ed3cec83d1e02&utm_medium=facebook
1652922397
1651857798,https://p.scdn.co/mp3-preview/080ff9ac8c3533b2dd3a7875e0bb9711422ea2c0?cid=162b7dc01f3a4a2ca32ed3cec83d1e02&utm_medium=facebook
1591459355
1547255532
1445929048
1537391921
1471581887,https://p.scdn.co/mp3-preview/5606a01fc0ae3077def0ba5ae5e32123c8470601?cid=162b7dc01f3a4a2ca32ed3cec83d1e02&utm_medium=facebook
1444279843
1435448544
1518607441
1596494833,https://p.scdn.co/mp3-preview/2b5825648239acba8fa376b6ddfb96553be8b1d1?cid=162b7dc01f3a4a2ca32ed3cec83d1e02&utm_medium=facebook
1531856124,https://cdns-preview-d.dzcdn.net/stream/c-d9a9b8e3f52cbeda31cc59b589156623-4.mp3
1585337001,https://p.scdn.co/mp3-preview/3a0d3429d02cdc5c8e66137f4e64d5fcf9536855?cid=162b7dc01f3a4a2ca32ed3cec83d1e02&utm_medium=facebook
1658017844,https://p.scdn.co/mp3-preview/7e2e15af8e9f4599c99989440750f44489d0e883?cid=162b7dc01f3a4a2ca32ed3cec83d1e02
1618742122,https://p.scdn.co/mp3-preview/4a94bd0e9c9fad204c179188bdbddb32368a7553?cid=162b7dc01f3a4a2ca32ed3cec83d1e02
1600444510,https://p.scdn.co/mp3-preview/2f51d8cd56a1890602e62eefa03a68ed282aa024?cid=162b7dc01f3a4a2ca32ed3cec83d1e02&utm_medium=facebook
1595566841,https://p.scdn.co/mp3-preview/30ffa0f9c744889fec8e4c0c9d90b42835b8c0b6?cid=162b7dc01f3a4a2ca32ed3cec83d1e02&utm_medium=facebook
1610314695,https://p.scdn.co/mp3-preview/25c782bfd927787f757a7b779e11c33c1696aad9?cid=162b7dc01f3a4a2ca32ed3cec83d1e02&utm_medium=facebook
1610314688,https://p.scdn.co/mp3-preview/c49e34e135967092da95e9e34323283d7b67b3ce?cid=162b7dc01f3a4a2ca32ed3cec83d1e02&utm_medium=facebook
1522260138
1540541815
1624683314
1440301993
1468914247
1586787695,https://p.scdn.co/mp3-preview/f291fe7c6215de9df2aa55dd3bbe24ed512e13bd?cid=162b7dc01f3a4a2ca32ed3cec83d1e02
1525342810
1508145909,https://p.scdn.co/mp3-preview/fe10cbc603acb1352204f1ff3e211863aff528bb?cid=162b7dc01f3a4a2ca32ed3cec83d1e02&utm_medium=facebook
1641071588
1611775243,https://p.scdn.co/mp3-preview/3080d1d1afee874d44cc262d4a0fc2820e61a969?cid=162b7dc01f3a4a2ca32ed3cec83d1e02&utm_medium=facebook
1573775941
1537459473,https://p.scdn.co/mp3-preview/5b0a6e56427a84653757d42351edf70123439f75?cid=162b7dc01f3a4a2ca32ed3cec83d1e02&utm_medium=facebook
1476535549
1586787687,https://p.scdn.co/mp3-preview/4aeef844e4755270893cd8a0e5309a35122e45b6?cid=162b7dc01f3a4a2ca32ed3cec83d1e02&utm_medium=facebook
1659415213,https://p.scdn.co/mp3-preview/e7ac1eb47e3f334125210cce827896a0fcba3e37?cid=162b7dc01f3a4a2ca32ed3cec83d1e02&utm_medium=facebook
1614939391,https://p.scdn.co/mp3-preview/d471d5b1a4fd08b278b8572464a754bdfa1cd5c8?cid=162b7dc01f3a4a2ca32ed3cec83d1e02&utm_medium=facebook
1578604610,https://cdns-preview-f.dzcdn.net/stream/c-f725a3b4cdd0b9bebdac20c9b5ce4d5d-4.mp3
1644252209
1448241316,https://p.scdn.co/mp3-preview/b0c87c3bfa43cc797128cd2f3c89de635330f492?cid=162b7dc01f3a4a2ca32ed3cec83d1e02&utm_medium=facebook
1482621595,https://p.scdn.co/mp3-preview/6c6707c00f222b759718803f14755d94a9638f5f?cid=162b7dc01f3a4a2ca32ed3cec83d1e02&utm_medium=facebook
1481069529
1493379541,https://p.scdn.co/mp3-preview/a247240ba679702bacbf98dbde3a4d59e05f4c1c?cid=1cd13eae9c6e43179ef1c3175572d4a3
1503896292,https://p.scdn.co/mp3-preview/7c9dc9b387a26d792ca29edab2f3a9df89cfdd10?cid=162b7dc01f3a4a2ca32ed3cec83d1e02&utm_medium=facebook
1553231741
1534557690,https://p.scdn.co/mp3-preview/47c25ab03a6fbebcd7252a448255953a8fa1d496?cid=1cd13eae9c6e43179ef1c3175572d4a3
1462284910,https://p.scdn.co/mp3-preview/3e6573532975b9f9a4fb995697cb5dfa6627cb75?cid=162b7dc01f3a4a2ca32ed3cec83d1e02&utm_medium=facebook
1526267394
1617197574
1651968205,https://p.scdn.co/mp3-preview/910b70b9e6ae2912134d8f413477a8dde531a9d7?cid=162b7dc01f3a4a2ca32ed3cec83d1e02
1442722278,https://p.scdn.co/mp3-preview/2fe8f1cb6cb3344703d65397d60705fc869a2cab?cid=162b7dc01f3a4a2ca32ed3cec83d1e02&utm_medium=facebook
1520398372,https://p.scdn.co/mp3-preview/bc956605919f03007b5ea2647b119b65e63a66f1?cid=162b7dc01f3a4a2ca32ed3cec83d1e02
1482657183
1399534698
1406869603
1289306533,https://p.scdn.co/mp3-preview/f107c2d6a9bda9c1062f7fcfca08e9541cad1e12?cid=162b7dc01f3a4a2ca32ed3cec83d1e02&utm_medium=facebook
1170494448
1502125404
1502125401
1084665240
1573232812
1172746381,https://p.scdn.co/mp3-preview/627c95604c5b9bdec093b7596f082fb5bc211356?cid=162b7dc01f3a4a2ca32ed3cec83d1e02&utm_medium=facebook
1440899684,https://p.scdn.co/mp3-preview/c19be63cdc1cefabe987885c2336b28b99643f04?cid=162b7dc01f3a4a2ca32ed3cec83d1e02&utm_medium=facebook
1440894106,https://p.scdn.co/mp3-preview/593aac73ff600cbc49258bd801f7330f53ee11d8?cid=1cd13eae9c6e43179ef1c3175572d4a3
1400270953
1517009993
496189696
1444310989,https://p.scdn.co/mp3-preview/a89385a31aaa8491073ed3fc205648ce137e56ad?cid=1cd13eae9c6e43179ef1c3175572d4a3
1517870389
1553463377,https://p.scdn.co/mp3-preview/34a01b99e188888bc0428445979863b7d0e712ea?cid=162b7dc01f3a4a2ca32ed3cec83d1e02&utm_medium=facebook
1553463001
1553462791
330436410,https://p.scdn.co/mp3-preview/c9911210478767e9c6342c60e7f44e5f5a9728c2?cid=162b7dc01f3a4a2ca32ed3cec83d1e02&utm_medium=facebook
330454296,https://p.scdn.co/mp3-preview/7e9815ef827a65dbdf3b8bad30d0829b1215e220?cid=162b7dc01f3a4a2ca32ed3cec83d1e02&utm_medium=facebook
1061639192
435894600,https://p.scdn.co/mp3-preview/8bbcae4140930df6ae8ccf8fe8b68f9491fcdad4?cid=162b7dc01f3a4a2ca32ed3cec83d1e02&utm_medium=facebook
1109461126
1133552714
1481633046,https://p.scdn.co/mp3-preview/d8fb630a96bc348acc41b659a58d5af02800938d?cid=162b7dc01f3a4a2ca32ed3cec83d1e02&utm_medium=facebook
1461740685,https://p.scdn.co/mp3-preview/0159ba2a67871497c3ef4f84d5793fd98dd8a867?cid=162b7dc01f3a4a2ca32ed3cec83d1e02&utm_medium=facebook
1587120970,https://p.scdn.co/mp3-preview/32e4d44924fecb92ab8713d660c8c2317c369b52?cid=162b7dc01f3a4a2ca32ed3cec83d1e02&utm_medium=facebook
1652929598,https://audio-ssl.itunes.apple.com/itunes-assets/AudioPreview113/v4/ea/d3/21/ead321fd-a3f6-5cc5-cdf9-ece1d330bc01/mzaf_8998327702678018560.plus.aac.ep.m4a
1570269511
1440870256
1444628860,https://p.scdn.co/mp3-preview/1d32590ce66684d288a10d4168562f39f27eee93?cid=162b7dc01f3a4a2ca32ed3cec83d1e02&utm_medium=facebook
1440908147,https://p.scdn.co/mp3-preview/0c80f88056f1c7707a759a702b1b08edfdb50784?cid=162b7dc01f3a4a2ca32ed3cec83d1e02&utm_medium=facebook
1363985767,https://p.scdn.co/mp3-preview/708b48922cb0393e3530e331ba659e996972a3c1?cid=162b7dc01f3a4a2ca32ed3cec83d1e02&utm_medium=facebook
1460521395
1437776194,https://cdns-preview-e.dzcdn.net/stream/c-e5ab70e7046bd77ff083ac864916dc32-6.mp3
1447500090,https://p.scdn.co/mp3-preview/4edb143d131e799b070b952332d90cdf71ebf0cf?cid=162b7dc01f3a4a2ca32ed3cec83d1e02&utm_medium=facebook
1507180809
690803926,https://p.scdn.co/mp3-preview/4ee6064e6657aadeed7096195a3289c87d249261?cid=162b7dc01f3a4a2ca32ed3cec83d1e02&utm_medium=facebook
1273804136
317198242,https://p.scdn.co/mp3-preview/96a9db2b05d2234f5cc2cae81fc15112222b941d?cid=1cd13eae9c6e43179ef1c3175572d4a3
316178710
696465790
1444276332,https://cdns-preview-f.dzcdn.net/stream/c-f27bff6a23faa41cec69eae137b123e2-7.mp3
1440868375
1440813106,https://cdns-preview-7.dzcdn.net/stream/c-7aa0f63151c898cd47eaf1d08b8cc4ca-4.mp3
1440813247
1476391439,https://cdns-preview-c.dzcdn.net/stream/c-c28044a4ab3dc1f71b92fe2de9557b79-7.mp3
1541249983
1440813242,https://cdns-preview-6.dzcdn.net/stream/c-6c0f205d267ec663c63fdd5fbd1cb001-4.mp3
1440813231
1440868380,https://cdns-preview-f.dzcdn.net/stream/c-f12436e2f07045dcc21bdf6a813b9ccf-7.mp3
1478246811
1044570329,https://p.scdn.co/mp3-preview/ff56e32c5f27802b245066c485ed0635d53c6554?cid=162b7dc01f3a4a2ca32ed3cec83d1e02&utm_medium=facebook
322416724
521648890,https://p.scdn.co/mp3-preview/b6c521e0643c67e6a004de210a370d6baba75060?cid=162b7dc01f3a4a2ca32ed3cec83d1e02&utm_medium=facebook
1450251970,https://p.scdn.co/mp3-preview/8c03bdac8516e537217a65665501b9ee7aa0c263?cid=162b7dc01f3a4a2ca32ed3cec83d1e02&utm_medium=facebook
275677659,https://p.scdn.co/mp3-preview/602aaba7f5ed7ac9596b4462ee96b4037869ab02?cid=162b7dc01f3a4a2ca32ed3cec83d1e02
1464875484,https://p.scdn.co/mp3-preview/61cc99dc70924ca860fb5c6b3dc0ee62fc11a9e7?cid=162b7dc01f3a4a2ca32ed3cec83d1e02&utm_medium=facebook
1629123875,https://p.scdn.co/mp3-preview/c0cb8d61ea20ae3ceaefd32df9f99a583be0a3c9?cid=162b7dc01f3a4a2ca32ed3cec83d1e02
1629123411,https://cdns-preview-8.dzcdn.net/stream/c-8a131aff227447c7e1a007132de61d21-4.mp3
1515308567
1443222979
316620288,https://p.scdn.co/mp3-preview/c565fb8a074d329b05f9acca3bedb43e68f1d196?cid=162b7dc01f3a4a2ca32ed3cec83d1e02&utm_medium=facebook
286549394
286549701,https://p.scdn.co/mp3-preview/77e0b75f09c9415b3ad3ce547bf90de9cbee0c3c?cid=162b7dc01f3a4a2ca32ed3cec83d1e02&utm_medium=facebook
286549484,https://p.scdn.co/mp3-preview/6c15823bb918e278f09b87f4f11ebab34bfe0449?cid=162b7dc01f3a4a2ca32ed3cec83d1e02
286549478,https://p.scdn.co/mp3-preview/1b0ef9682ff2e54b8161a353ed4ff8fb81092898?cid=162b7dc01f3a4a2ca32ed3cec83d1e02&utm_medium=facebook
286549493,https://cdns-preview-4.dzcdn.net/stream/c-47048da0fc1c79fdfdc2b2d7d2139e84-2.mp3
316620292,https://p.scdn.co/mp3-preview/caf2bd9e0d40042d81d760118fa1bd66d0472b36?cid=162b7dc01f3a4a2ca32ed3cec83d1e02&utm_medium=facebook
286549501,https://p.scdn.co/mp3-preview/b6d6beebfab52b46b44e81d5f4ab2cd273f099f8?cid=162b7dc01f3a4a2ca32ed3cec83d1e02&utm_medium=facebook
286549442,https://cdns-preview-a.dzcdn.net/stream/c-a3db048e1a3fa9488512d61f47ae2dc4-2.mp3
1440823418
545789705
897942580,https://p.scdn.co/mp3-preview/deb9d3fcae2e3b62c1665f3c84c47c9098891925?cid=1cd13eae9c6e43179ef1c3175572d4a3
626314288
1435143697,https://p.scdn.co/mp3-preview/3ce5a3946cd1a48d1e8b9b3b655190cd73c06068?cid=1cd13eae9c6e43179ef1c3175572d4a3
715126609
1473315971,https://p.scdn.co/mp3-preview/1a826732b6caba9c5013760a909cda1e7a78d06d?cid=162b7dc01f3a4a2ca32ed3cec83d1e02&utm_medium=facebook
1435143913
1442980291
1444620907
1443061954,https://p.scdn.co/mp3-preview/54a17db0942ae4f722a02af484c13da64ad820db?cid=162b7dc01f3a4a2ca32ed3cec83d1e02&utm_medium=facebook
1440899681,https://p.scdn.co/mp3-preview/ddeeaedcdb63767b55a5b280860c328f520d6a82?cid=162b7dc01f3a4a2ca32ed3cec83d1e02
1444426155
1397437976
1435055126
1443499977
1450388115
1454218959
1494481369,https://p.scdn.co/mp3-preview/0d8b4177cd5ae2a6722e2cce878fea094e86170f?cid=162b7dc01f3a4a2ca32ed3cec83d1e02
1546063935
1442692549,https://p.scdn.co/mp3-preview/c82a7d76e36152deb73f76498767ca71b2583087?cid=162b7dc01f3a4a2ca32ed3cec83d1e02&utm_medium=facebook
1442980688,https://listen.hs.llnwd.net/g3/prvw/8/9/7/9/7/2358379798.mp3
1442980901
1443191269,https://p.scdn.co/mp3-preview/9c7f5852af5416db009b1a222e9d0864681a8053?cid=162b7dc01f3a4a2ca32ed3cec83d1e02&utm_medium=facebook
1444319479
1443510816,https://p.scdn.co/mp3-preview/2b930028091048c83b13ccc12c2e7f4a607858b3?cid=162b7dc01f3a4a2ca32ed3cec83d1e02&utm_medium=facebook
1444174417
1444174049
1444579291
1440846839
1440846971
1440878599
1442228087
1554094868,https://p.scdn.co/mp3-preview/4242888f106f502740e77f844d2707673e0bcd50?cid=162b7dc01f3a4a2ca32ed3cec83d1e02&utm_medium=facebook
1580372908,https://p.scdn.co/mp3-preview/97abef8f274194419d6d6cb0f4cdadf223a69175?cid=162b7dc01f3a4a2ca32ed3cec83d1e02&utm_medium=facebook
1655322307,https://p.scdn.co/mp3-preview/e319cc8c402aa5987d338daa2e34f9e14d6a3b59?cid=162b7dc01f3a4a2ca32ed3cec83d1e02&utm_medium=facebook
1444608371,https://p.scdn.co/mp3-preview/6ff8cf3334bce1d7b40a2aeb559491290e714fb2?cid=1cd13eae9c6e43179ef1c3175572d4a3
1033566509
1444597139
1440878605,https://p.scdn.co/mp3-preview/90880b8b272f24ed1906471070eaa9693324c735?cid=162b7dc01f3a4a2ca32ed3cec83d1e02
1440894115
1481629759
1462105369,https://p.scdn.co/mp3-preview/8483da91f415205a5a5e6f1660f51a32a3cbba42?cid=162b7dc01f3a4a2ca32ed3cec83d1e02&utm_medium=facebook
1504498543,https://p.scdn.co/mp3-preview/9cd0687304ee1bb3c5ab7191c4169d9ae69589e8?cid=162b7dc01f3a4a2ca32ed3cec83d1e02&utm_medium=facebook
1603872384
1442338607
1518206168,https://p.scdn.co/mp3-preview/81e3e46d0d2aebae46d6bf1818c0918e7d800d58?cid=162b7dc01f3a4a2ca32ed3cec83d1e02&utm_medium=facebook
1442829432,https://p.scdn.co/mp3-preview/96986c02bbdda6b259b6cd7c459d2d203c57c9c5?cid=162b7dc01f3a4a2ca32ed3cec83d1e02&utm_medium=facebook
1470268447
1221434651,https://p.scdn.co/mp3-preview/4e5525eca6b21d52c94c82857dfdb1b9d981f2ea?cid=162b7dc01f3a4a2ca32ed3cec83d1e02
1287889980,https://p.scdn.co/mp3-preview/6736ed1148d1c29c36455e7edf732c19fd2078af?cid=162b7dc01f3a4a2ca32ed3cec83d1e02
1369888904
1444622553
1540657489,https://p.scdn.co/mp3-preview/c4c846cc1129c14bd3fd1e483655f1f87ce27572?cid=162b7dc01f3a4a2ca32ed3cec83d1e02&utm_medium=facebook
1622811701,https://p.scdn.co/mp3-preview/7a6d6984d6bcc81a98a445f6fe81d34cd39cfd2b?cid=162b7dc01f3a4a2ca32ed3cec83d1e02
1525912372
1440768407,https://p.scdn.co/mp3-preview/c8c1764446e8be31186458daef217ae0fd6df5db?cid=162b7dc01f3a4a2ca32ed3cec83d1e02&utm_medium=facebook
1451692925
1444586213,https://cdns-preview-2.dzcdn.net/stream/c-2d5d3c82f20e1cf5f04d1c68c08809e8-6.mp3
1444583800
1444278594
1356043748
1451617477
1457551405
1403265491,https://p.scdn.co/mp3-preview/40d64bc727212c469429acb87ffa0a7114badaa6?cid=162b7dc01f3a4a2ca32ed3cec83d1e02&utm_medium=facebook
1293246219
716611669,https://cdns-preview-0.dzcdn.net/stream/c-05445ff44f57c56bbb9f3a285b1c6e96-5.mp3
714353455,https://cdns-preview-9.dzcdn.net/stream/c-9c3109666169d4543d6c4d40e4aa1d85-7.mp3
714351765,https://cdns-preview-f.dzcdn.net/stream/c-f75664d9a4107df6082a36e6bdfcce76-5.mp3
714353203,https://p.scdn.co/mp3-preview/c8e14380030020e440d9fb5da64342736152bce2?cid=162b7dc01f3a4a2ca32ed3cec83d1e02&utm_medium=facebook
724291925,https://p.scdn.co/mp3-preview/6ca77b7edaa8ef3963efe1a1ce93bd879a409093?cid=162b7dc01f3a4a2ca32ed3cec83d1e02&utm_medium=facebook
716611666,https://p.scdn.co/mp3-preview/a0aa571bfffdf9b22d821acadddd5d5dc3ab5380?cid=1cd13eae9c6e43179ef1c3175572d4a3
716611668,https://p.scdn.co/mp3-preview/e502f83baa31cd471d5423131eaa655849d71b75?cid=162b7dc01f3a4a2ca32ed3cec83d1e02&utm_medium=facebook
716611677,https://p.scdn.co/mp3-preview/3d2a0f1b59c3a46f202edaf5b029c643f07577ab?cid=162b7dc01f3a4a2ca32ed3cec83d1e02
716612198
1560952382
714353773
1517854821,https://p.scdn.co/mp3-preview/74e35a292ffab2df98ede5da2353adf43c2d1498?cid=162b7dc01f3a4a2ca32ed3cec83d1e02&utm_medium=facebook
631145468,https://audio-ssl.itunes.apple.com/itunes-assets/AudioPreview125/v4/b3/9a/11/b39a1180-4d5b-acf9-c158-5a8c473bd00e/mzaf_16755392352968917577.plus.aac.ep.m4a
1518043131
1586634700
1594397797,https://p.scdn.co/mp3-preview/61ef429210c5d10260507d9569af99bc47ac447e?cid=162b7dc01f3a4a2ca32ed3cec83d1e02&utm_medium=facebook
1620468349,https://cdns-preview-9.dzcdn.net/stream/c-9ec85af39f987aaf267136adf6fcc04c-6.mp3
1637127432,https://p.scdn.co/mp3-preview/da6a3b926c19c6edc7b7fa9b9d4783a11d132625?cid=162b7dc01f3a4a2ca32ed3cec83d1e02&utm_medium=facebook
1362352648
1515254134
162993539
1177055364,https://p.scdn.co/mp3-preview/c39bd8e52da491653b14cf40021409be65717c89?cid=162b7dc01f3a4a2ca32ed3cec83d1e02
1177055361,https://p.scdn.co/mp3-preview/60d12e74767a8fbf6ce9268a92f10bdef03ca782?cid=162b7dc01f3a4a2ca32ed3cec83d1e02&utm_medium=facebook
1263542014,https://cdns-preview-b.dzcdn.net/stream/c-baa547d07407883b3d77a0c486d50531-7.mp3
1451358162,https://cdns-preview-7.dzcdn.net/stream/c-7f2b97965686151538cfda86cc900916-3.mp3
1444304384
1444315323
547544580
930485851
1444416426,https://p.scdn.co/mp3-preview/7dba4c15d99782ee34a753ad6b40d7c123254492?cid=162b7dc01f3a4a2ca32ed3cec83d1e02&utm_medium=facebook
1442499088
1535636574
1470385923
1357036661
1393974265,https://p.scdn.co/mp3-preview/4941cf5ccb574eb9a570b74745ebfa5380f2d849?cid=162b7dc01f3a4a2ca32ed3cec83d1e02&utm_medium=facebook
1492798199,https://p.scdn.co/mp3-preview/49f55c84bd3f6da18a61ef9e674e386e2ad2d42a?cid=162b7dc01f3a4a2ca32ed3cec83d1e02&utm_medium=facebook
203899126,https://p.scdn.co/mp3-preview/cfb96b8bd16533344089cf7b103797f2f39be75a?cid=162b7dc01f3a4a2ca32ed3cec83d1e02
1443710664,https://cdns-preview-6.dzcdn.net/stream/c-686ad28e69e27c6ab3bb4b6bc6cff520-3.mp3
1442655136
1442654948
1442655292,https://p.scdn.co/mp3-preview/a7c163ff415e2743b96c474bbd4f23b5a32a3ac0?cid=162b7dc01f3a4a2ca32ed3cec83d1e02&utm_medium=facebook
1444304742,https://cdns-preview-e.dzcdn.net/stream/c-e4f8876c4cba6449e399a1b92297086b-5.mp3
1574865769,https://p.scdn.co/mp3-preview/3c38e0cc888f85fd221f84f831fcd46ba9ba7c00?cid=162b7dc01f3a4a2ca32ed3cec83d1e02&utm_medium=facebook
1353767357,https://p.scdn.co/mp3-preview/660abc791aba937be29c7e9612079372c699874e?cid=162b7dc01f3a4a2ca32ed3cec83d1e02&utm_medium=facebook
1353767365,https://cdns-preview-3.dzcdn.net/stream/c-3ff6d6874582b4c8e21ceec83e381caa-10.mp3
1443077139
1353767535
1443076564,https://cdns-preview-e.dzcdn.net/stream/c-ea4b024ab3faabd3aed064ddc55d48b8-5.mp3
1443077301,https://p.scdn.co/mp3-preview/b0d0e43c3eaacaf6e93af35e11d3b02ebe48f2de?cid=162b7dc01f3a4a2ca32ed3cec83d1e02&utm_medium=facebook
1442887899,https://p.scdn.co/mp3-preview/e809e2f4309f3558623eb24c890de9f5a948ca08?cid=162b7dc01f3a4a2ca32ed3cec83d1e02&utm_medium=facebook
1442888372,https://p.scdn.co/mp3-preview/55e9943687b1088e9b869dec8461276e3c407d7d?cid=162b7dc01f3a4a2ca32ed3cec83d1e02&utm_medium=facebook
1353767370,https://p.scdn.co/mp3-preview/65e73eaf9146808e018d5fd93c784f70ee462cb1?cid=162b7dc01f3a4a2ca32ed3cec83d1e02&utm_medium=facebook
1442522343,https://cdns-preview-1.dzcdn.net/stream/c-129236298cdcb472c50cf348203e42fa-12.mp3
1353767372,https://p.scdn.co/mp3-preview/5045ddee54a0a227b9f218efbadc210edac4f691?cid=162b7dc01f3a4a2ca32ed3cec83d1e02
1353767533,https://p.scdn.co/mp3-preview/fd3c221716fae4ef68805b4a7cf3b74d8bd90f81?cid=162b7dc01f3a4a2ca32ed3cec83d1e02
1443007715,https://p.scdn.co/mp3-preview/b2329a7f74b4c71211083ae55807553107a7a3dc?cid=162b7dc01f3a4a2ca32ed3cec83d1e02
1443006839,https://p.scdn.co/mp3-preview/36c246e2dc40f5b0109ba3b4308ac0efd019831b?cid=162b7dc01f3a4a2ca32ed3cec83d1e02
1353767419,https://p.scdn.co/mp3-preview/dec0c9cdceb8de53ba584e64bfaf2d4acdefeca9?cid=162b7dc01f3a4a2ca32ed3cec83d1e02
1442904624
1444424733,https://cdns-preview-0.dzcdn.net/stream/c-03590c349540d62c4cf2585e2262b3b9-10.mp3
1443162371,https://p.scdn.co/mp3-preview/b7a56552e668f7b0c6be379f145ba9cffa6e9834?cid=162b7dc01f3a4a2ca32ed3cec83d1e02&utm_medium=facebook
1443162621
1442891848
1442892803,https://cdns-preview-f.dzcdn.net/stream/c-f6020e5a03ac9c3d88b2614f0067f029-6.mp3
1469081352
268229323
266295447,https://cdns-preview-e.dzcdn.net/stream/c-e382db96fb12311827600f67df68bf0d-3.mp3
268229040
723475906
723380655
723380679,https://cdns-preview-2.dzcdn.net/stream/c-21393d55239f6e3d4f239c09eb2eae35-8.mp3
723538968,https://cdns-preview-0.dzcdn.net/stream/c-0215e6b07bc951ee4e586747814d745e-7.mp3
723380715
1444120867,https://cdns-preview-e.dzcdn.net/stream/c-eabcce7ec2ec8cedddcfda9943ed861b-5.mp3
1443847932,https://cdns-preview-b.dzcdn.net/stream/c-b437d71fb83e75c15d4d302a4f651436-4.mp3
1444417805,https://cdns-preview-5.dzcdn.net/stream/c-50bfe34fa8b01bc0d2ded8cccb629611-2.mp3
723538776,https://p.scdn.co/mp3-preview/0f237bf919f215cc26f391c386e283559a78e260?cid=162b7dc01f3a4a2ca32ed3cec83d1e02&utm_medium=facebook
713223587
1442798128
1523466025,https://p.scdn.co/mp3-preview/ebc4768a7b50291b3ad745ad3654e645b1f110a6?cid=162b7dc01f3a4a2ca32ed3cec83d1e02&utm_medium=facebook
1455631743,https://cdns-preview-7.dzcdn.net/stream/c-7c7e9f608ba5c2a028d7ec351b5d1fc0-5.mp3
1475203084,https://p.scdn.co/mp3-preview/c2cc787884b35b3dd6125db7dee26be53ac497a8?cid=162b7dc01f3a4a2ca32ed3cec83d1e02&utm_medium=facebook
1499125525,https://p.scdn.co/mp3-preview/127211d8d5cc5bf4c2c316f628041bbe0cdcaa07?cid=162b7dc01f3a4a2ca32ed3cec83d1e02
1519738877,https://p.scdn.co/mp3-preview/d40217c13ddb2390592596f47a50852cccfae258?cid=162b7dc01f3a4a2ca32ed3cec83d1e02
1582132007
1564503501,https://p.scdn.co/mp3-preview/be5a38d028a10d895192a1a313c015d3bd6d8010?cid=162b7dc01f3a4a2ca32ed3cec83d1e02
1556831312,https://p.scdn.co/mp3-preview/5663299afef2d4f2c8bd3a0411bb976d2f429802?cid=162b7dc01f3a4a2ca32ed3cec83d1e02&utm_medium=facebook
1442822886,https://p.scdn.co/mp3-preview/357f8a6e3c2ecf376c7b219edba3e328f3a096a2?cid=162b7dc01f3a4a2ca32ed3cec83d1e02&utm_medium=facebook
1437244506,https://p.scdn.co/mp3-preview/0886360146e1ecc32e161d73d590cd705c299498?cid=162b7dc01f3a4a2ca32ed3cec83d1e02&utm_medium=facebook
276466510
276466579,https://p.scdn.co/mp3-preview/c577d7684179bc3a857a3fed992fd74f71b95f81?cid=162b7dc01f3a4a2ca32ed3cec83d1e02&utm_medium=facebook
274629632
713894508
1001929107,https://p.scdn.co/mp3-preview/1ee8bb14b4954dfcd692f7eb83b01c9d79afb87d?cid=162b7dc01f3a4a2ca32ed3cec83d1e02&utm_medium=facebook
1519605468,https://p.scdn.co/mp3-preview/524ca1cc4981d09ca58c41f0c8560e7d1713edc3?cid=162b7dc01f3a4a2ca32ed3cec83d1e02&utm_medium=facebook
1612259898
1445733990
1443300367,https://cdns-preview-f.dzcdn.net/stream/c-f921c6fb8f72f6a6d8c65ae4e791d6ff-6.mp3
1445733501
1445733505
1443828196
1442658808,https://cdns-preview-8.dzcdn.net/stream/c-89e73583010ff18741f74e491ba7bcbf-6.mp3
1498227996,https://p.scdn.co/mp3-preview/49a2e9b31fe7a3db220aed9282fbe3d9781cfc8f?cid=162b7dc01f3a4a2ca32ed3cec83d1e02&utm_medium=facebook
1616189538,https://p.scdn.co/mp3-preview/47c36fee38c1a3aee6f959d42c30f7c985d03871?cid=162b7dc01f3a4a2ca32ed3cec83d1e02&utm_medium=facebook
716428722
724191434,https://cdns-preview-2.dzcdn.net/stream/c-2a7baab1162badb82269957c0a6b6f75-7.mp3
716428766,https://p.scdn.co/mp3-preview/02452dec89522832c4170a6b5e155d7a96861b8a?cid=162b7dc01f3a4a2ca32ed3cec83d1e02
603584774
118668034
1494108727
1583555677,https://audio-ssl.itunes.apple.com/itunes-assets/AudioPreview122/v4/51/89/59/51895994-4d70-5b80-0724-40d414550871/mzaf_5315276552032065017.plus.aac.ep.m4a
1583555566
433171896
433171900,https://p.scdn.co/mp3-preview/6d894191485900464b95e44212647f3e149c431b?cid=162b7dc01f3a4a2ca32ed3cec83d1e02&utm_medium=facebook
739950780,https://cdns-preview-4.dzcdn.net/stream/c-469b4b9165280ba92c5637ece268df43-3.mp3
940039419,https://p.scdn.co/mp3-preview/aa089d4931b38f5ac256832f62f994baf3d1c950?cid=162b7dc01f3a4a2ca32ed3cec83d1e02
1535973606,https://p.scdn.co/mp3-preview/db4214692f3dd344f295eb76e0d89ef5e4be166d?cid=162b7dc01f3a4a2ca32ed3cec83d1e02
1442333277,https://p.scdn.co/mp3-preview/59c8d907c0fb69c2150dde23c0c48a8f9059a4a1?cid=162b7dc01f3a4a2ca32ed3cec83d1e02&utm_medium=facebook
1442455526
1523647711,https://p.scdn.co/mp3-preview/13b3c02c94ce20141c9480ae240142cbd4ca66c2?cid=162b7dc01f3a4a2ca32ed3cec83d1e02&utm_medium=facebook
713486849,https://audio-ssl.itunes.apple.com/itunes-assets/AudioPreview125/v4/e8/12/a5/e812a527-8a71-0bbd-95d0-73257d20da6f/mzaf_205205171689576610.plus.aac.ep.m4a
285331815,https://cdns-preview-6.dzcdn.net/stream/c-619adb1f5d34f914448bdc5a786aaecf-4.mp3
713676149
713486861,https://p.scdn.co/mp3-preview/ec30ce1eba1356363377a9c182e9b37da50a99ea?cid=162b7dc01f3a4a2ca32ed3cec83d1e02&utm_medium=facebook
285337076,https://p.scdn.co/mp3-preview/1aab15e4add6f84eb67769a896e71ab03786641e?cid=162b7dc01f3a4a2ca32ed3cec83d1e02&utm_medium=facebook
285331803
713486886
713486859,https://cdns-preview-9.dzcdn.net/stream/c-9e94a0895c62b339437a6865dd525f6b-6.mp3
713486867,https://p.scdn.co/mp3-preview/7898b6b7cb8febc5412434c7afa8496728bbbd4c?cid=162b7dc01f3a4a2ca32ed3cec83d1e02&utm_medium=facebook
1445750611,https://p.scdn.co/mp3-preview/4205356505114fbee31dc669ddf79301405fd213?cid=162b7dc01f3a4a2ca32ed3cec83d1e02
1445750710,https://p.scdn.co/mp3-preview/17bc7a16e87f51f8b57f0f39f1f4b9559350ce3e?cid=162b7dc01f3a4a2ca32ed3cec83d1e02&utm_medium=facebook
1445750366,https://cdns-preview-9.dzcdn.net/stream/c-9ab014a9bd6f088bd6c7d14b9e35fb52-4.mp3
1471095059
1445750609
1444411481
1582201358,http://p.scdn.co/mp3-preview/77646ebab31b135bc02c7cc2c06e3d52a02d0f3c?cid=162b7dc01f3a4a2ca32ed3cec83d1e02
496813775,https://p.scdn.co/mp3-preview/8fba8f4613c9dfaf13aedc267dcfce84a1d7f31a?cid=162b7dc01f3a4a2ca32ed3cec83d1e02&utm_medium=facebook
496813774
201869443
1440832963,https://p.scdn.co/mp3-preview/2fd7bc3209d1fde4fed2849e76b6ab5cf3bc10ee?cid=162b7dc01f3a4a2ca32ed3cec83d1e02
1550624609,https://p.scdn.co/mp3-preview/98abde6d0d51f012df738f2e3af2613159084273?cid=1cd13eae9c6e43179ef1c3175572d4a3
1545527972
1545527974
1550624866,https://cdns-preview-1.dzcdn.net/stream/c-194fb58536fe990b5af22458b97ce2e7-4.mp3
1550625124,https://p.scdn.co/mp3-preview/1cbea207b6f656d533177c3417cb97a302ca1687?cid=162b7dc01f3a4a2ca32ed3cec83d1e02&utm_medium=facebook
1443384810,https://p.scdn.co/mp3-preview/86d27206290b015b0f29a1ecdc729c9ae989277f?cid=162b7dc01f3a4a2ca32ed3cec83d1e02&utm_medium=facebook
1659504670
1520019802,https://p.scdn.co/mp3-preview/1a8401f64f86188f7c0d5f84e24bc53d527f0edb?cid=162b7dc01f3a4a2ca32ed3cec83d1e02&utm_medium=facebook
1519608584
1442807077,https://p.scdn.co/mp3-preview/0d025cf9d183aac86d06b594c13f21200cd58c87?cid=162b7dc01f3a4a2ca32ed3cec83d1e02&utm_medium=facebook
317870181,https://audio-ssl.itunes.apple.com/itunes-assets/AudioPreview115/v4/83/ff/8c/83ff8cd7-ffe1-e0df-9c7e-a4453efe3ce4/mzaf_15280406676478870488.plus.aac.ep.m4a
39277955,https://cdns-preview-c.dzcdn.net/stream/c-cf83dbc40f9bb38c3921e5b468614c38-5.mp3
39277965,https://cdns-preview-7.dzcdn.net/stream/c-74d9b6dc015670d9b99749b08fb9894d-5.mp3
1313201610
355843365
355843776
355843383
914518762
167006548,https://p.scdn.co/mp3-preview/c8605d9ee3ec483ec39aa705e6b89c570d6cc845?cid=162b7dc01f3a4a2ca32ed3cec83d1e02&utm_medium=facebook
151122221,https://p.scdn.co/mp3-preview/3a764f1b1895bd1f92e4b070fa4141e8ddc14d45?cid=162b7dc01f3a4a2ca32ed3cec83d1e02&utm_medium=facebook
152883274,http://p.scdn.co/mp3-preview/201e7f2923a0d6b125b0cd0cc6e2efc8b18d3165?cid=162b7dc01f3a4a2ca32ed3cec83d1e02
1442506426
1442227244,https://cdns-preview-a.dzcdn.net/stream/c-a9aad3d40bfd3d196a890c44c0d14779-7.mp3
1378556545
1443567080,https://p.scdn.co/mp3-preview/790dc4d60ee4ed6f6eac361c625e7f3c4643da91?cid=162b7dc01f3a4a2ca32ed3cec83d1e02
1443567093,https://cdns-preview-9.dzcdn.net/stream/c-9dd81e5cfb5a00ecf17f30f80202f4f3-6.mp3
1444399293
1443567188,https://p.scdn.co/mp3-preview/5c5e87170ebe6ddca139ae330b798653ebda62b0?cid=162b7dc01f3a4a2ca32ed3cec83d1e02
1443567161,https://p.scdn.co/mp3-preview/68c38c32317ed4fb7641347038d75d808a3291df?cid=162b7dc01f3a4a2ca32ed3cec83d1e02&utm_medium=facebook
1444123992,https://cdns-preview-6.dzcdn.net/stream/c-6a14fe994f04a8949f190b4f3fed597c-4.mp3
1553052213,https://p.scdn.co/mp3-preview/a1a06dc6bb7a15890953ebe86d7f76b2cdd3db84?cid=162b7dc01f3a4a2ca32ed3cec83d1e02&utm_medium=facebook
1493778929,https://cdns-preview-9.dzcdn.net/stream/c-9b60d7330e7982bbbb4ea6b1b0a397c5-6.mp3
1439215894,https://p.scdn.co/mp3-preview/d806d79e59ee014fa6a7c72ba25b0d40ca6e5441?cid=162b7dc01f3a4a2ca32ed3cec83d1e02
1639181301
1639611065,https://p.scdn.co/mp3-preview/5c1e21865643c83600f77434aa00e718704edd3d?cid=162b7dc01f3a4a2ca32ed3cec83d1e02&utm_medium=facebook
985243858,https://p.scdn.co/mp3-preview/7328d863b1810930f5df02c68b76aa566363401c?cid=162b7dc01f3a4a2ca32ed3cec83d1e02
272537170,https://p.scdn.co/mp3-preview/7b5875b28f3ff9a309f86ca71dc224cb9b6fc223?cid=162b7dc01f3a4a2ca32ed3cec83d1e02
408728861,https://p.scdn.co/mp3-preview/35dd77cb563f9588ad97d82d86dbaac82b137919?cid=162b7dc01f3a4a2ca32ed3cec83d1e02
272537132,https://audio-ssl.itunes.apple.com/itunes-assets/AudioPreview125/v4/37/ab/5f/37ab5f5f-5f03-3860-cf2e-763841c624d0/mzaf_1989063287522746745.plus.aac.ep.m4a
272537172,https://p.scdn.co/mp3-preview/6042c07f48ae728eccca5f631afc1cf67ac6176c?cid=162b7dc01f3a4a2ca32ed3cec83d1e02
272537137,https://p.scdn.co/mp3-preview/2fa19e7971fa652d512d892f3bd5b6e05cbbe047?cid=162b7dc01f3a4a2ca32ed3cec83d1e02
272537155,https://p.scdn.co/mp3-preview/03b718ee08a128bed64939a084f1e812670c4b06?cid=162b7dc01f3a4a2ca32ed3cec83d1e02&utm_medium=facebook
713481579,https://p.scdn.co/mp3-preview/8c7893c064565870732bf29ac0b552d66a903b93?cid=162b7dc01f3a4a2ca32ed3cec83d1e02&utm_medium=facebook
713481585,https://p.scdn.co/mp3-preview/c0e0520f35973cd6fb487f05f3648d9e57516f5d?cid=162b7dc01f3a4a2ca32ed3cec83d1e02&utm_medium=facebook
724267293,https://p.scdn.co/mp3-preview/963424314997b2bec091f0053ce64d77a39510af?cid=162b7dc01f3a4a2ca32ed3cec83d1e02&utm_medium=facebook
1576849674,https://p.scdn.co/mp3-preview/6f829edc2abc2e256c1caaabe41f3417bc4df0f2?cid=1cd13eae9c6e43179ef1c3175572d4a3
724140627,https://p.scdn.co/mp3-preview/965a67d8f377c930c65262dfecc6ed634a726b80?cid=162b7dc01f3a4a2ca32ed3cec83d1e02&utm_medium=facebook
713481580,https://cdns-preview-b.dzcdn.net/stream/c-b064658bbea6b02fe253c9c8e2fe3c2e-6.mp3
1576849683,https://cdns-preview-9.dzcdn.net/stream/c-90936ce08f2bd955a860dc48dd175cb2-4.mp3
713481654
713481658
713481598,https://cdns-preview-f.dzcdn.net/stream/c-fc004e4d69ab6aa87553f55622da939b-6.mp3
724140644,https://p.scdn.co/mp3-preview/fe3db88f1c1c3f29777de15f8fac7ddfb8485ed6?cid=162b7dc01f3a4a2ca32ed3cec83d1e02
713481588
713481673,https://p.scdn.co/mp3-preview/40c5857a958280ccb6516d0ce5cb91e4e796e9a2?cid=162b7dc01f3a4a2ca32ed3cec83d1e02
713481661
713627151,https://p.scdn.co/mp3-preview/08795592a7374c1163d660b175f6c8f79c1a66e1?cid=162b7dc01f3a4a2ca32ed3cec83d1e02&utm_medium=facebook
713481695
723339177
713481619
714131539
1551029757,https://p.scdn.co/mp3-preview/dfdbe2deafc736d4f5ed43b10126624239b9bc1f?cid=162b7dc01f3a4a2ca32ed3cec83d1e02&utm_medium=facebook
1664214178
1442628501
1442627718
1442627530
1442627827
1442339188,https://p.scdn.co/mp3-preview/7d3763117cbe66299696fabf7836aade30abe314?cid=162b7dc01f3a4a2ca32ed3cec83d1e02
1442627730,https://p.scdn.co/mp3-preview/0d614c27439a3f3c09a665dc3de518918ecb321a?cid=162b7dc01f3a4a2ca32ed3cec83d1e02
1442627523,https://p.scdn.co/mp3-preview/3bbdf30391bbaf3b0f29181a6131352ad650ec23?cid=162b7dc01f3a4a2ca32ed3cec83d1e02
1442627950
1442627503,https://p.scdn.co/mp3-preview/34107939521790455cc012a046a36f57896be1ff?cid=162b7dc01f3a4a2ca32ed3cec83d1e02
1443181242
1442539933,https://p.scdn.co/mp3-preview/d9a5fe6d26f5b65e544a41ba365b37b8a1072109?cid=162b7dc01f3a4a2ca32ed3cec83d1e02
1443181252
1442642376,https://p.scdn.co/mp3-preview/e2cd588ed6c55529759dc7a8c31c708860caa03e?cid=162b7dc01f3a4a2ca32ed3cec83d1e02&utm_medium=facebook
1443467527
1443211725
302970407,https://p.scdn.co/mp3-preview/eca80ea8a6aa163a02a43413b48ba0a4b1856eb8?cid=162b7dc01f3a4a2ca32ed3cec83d1e02
287755305,https://p.scdn.co/mp3-preview/af32446338ec63b955e388bf16f6e2c8fe7ba0e7?cid=162b7dc01f3a4a2ca32ed3cec83d1e02
322735472
768164563
275892239,https://p.scdn.co/mp3-preview/12ce608dfe67ec5e19ca8b23b52f33ee3ed07d17?cid=162b7dc01f3a4a2ca32ed3cec83d1e02
266198020,https://p.scdn.co/mp3-preview/f196b7bd2f8e475ebd2c6aefdb8b8bc74bd62ad6?cid=162b7dc01f3a4a2ca32ed3cec83d1e02
275892367,https://p.scdn.co/mp3-preview/e0cbd46ccc981524324e6f9a760046ac7101c2a4?cid=162b7dc01f3a4a2ca32ed3cec83d1e02&utm_medium=facebook
275817782
488357211,https://p.scdn.co/mp3-preview/210b828ba6d601d3c60be8ae824e5cfac77cc07f?cid=162b7dc01f3a4a2ca32ed3cec83d1e02
1442413210,https://p.scdn.co/mp3-preview/77bc648b6bba0cae1fa4159d50a98ff8329c341a?cid=162b7dc01f3a4a2ca32ed3cec83d1e02
1442428570,https://p.scdn.co/mp3-preview/31574afba09ab3c7f98098743ed8107bab34e579?cid=162b7dc01f3a4a2ca32ed3cec83d1e02&utm_medium=facebook
1442717782,https://cdns-preview-2.dzcdn.net/stream/c-2021c9433da03f4c3f609b728b84b091-4.mp3
1442455194
1442619054,https://p.scdn.co/mp3-preview/94993e788e32f70c01216ac464f259960f5af21f?cid=162b7dc01f3a4a2ca32ed3cec83d1e02
219707569,https://p.scdn.co/mp3-preview/afc0487a7f155ab615ebd5613c6e0739da3a920b?cid=162b7dc01f3a4a2ca32ed3cec83d1e02
219708675
219709722,https://p.scdn.co/mp3-preview/74916f9e86250c56f3ffe7e525ca39fe3e868f7f?cid=162b7dc01f3a4a2ca32ed3cec83d1e02&utm_medium=facebook
1240195147,https://cdns-preview-1.dzcdn.net/stream/c-1d367e7dc58ee73cc039779a008e7c9a-7.mp3
1168573075,https://cdns-preview-9.dzcdn.net/stream/c-9a91dacfc9d3ff849c8886fe738b9376-6.mp3
406968487
1124097272,https://p.scdn.co/mp3-preview/a9da7aab75683cb764b9b69e46538c2c25f9d8b1?cid=162b7dc01f3a4a2ca32ed3cec83d1e02&utm_medium=facebook
1558001640,https://p.scdn.co/mp3-preview/d888f2b73a317d8fa6840b783e654cfe34e5c546?cid=162b7dc01f3a4a2ca32ed3cec83d1e02
1406283626,https://cdns-preview-2.dzcdn.net/stream/c-2c06451d400ca8b93b194fac461dd07f-3.mp3
1601302888
1491738790,https://p.scdn.co/mp3-preview/756096f2fb4be8f56f999cf1921facb1b478863e?cid=162b7dc01f3a4a2ca32ed3cec83d1e02&utm_medium=facebook
562201397,https://cdns-preview-6.dzcdn.net/stream/c-61aa702d1eb2b47bdd809998ce680d55-1.mp3
1406283367,https://cdns-preview-0.dzcdn.net/stream/c-05fdc079a57853da188e9627e5b7f231-3.mp3
1546251755
1442623124
1600473669,https://p.scdn.co/mp3-preview/bac53e4a6f804c07967c039a88d2dffe6f65117c?cid=162b7dc01f3a4a2ca32ed3cec83d1e02&utm_medium=facebook
599663302,https://p.scdn.co/mp3-preview/a8024c3e487b118a41020c25d2c95f0805b77eef?cid=162b7dc01f3a4a2ca32ed3cec83d1e02&utm_medium=facebook
147228779,https://p.scdn.co/mp3-preview/a63071d68d856a0e577c4f283510acbddf08a712?cid=162b7dc01f3a4a2ca32ed3cec83d1e02
1442678853
1442397959,https://p.scdn.co/mp3-preview/69233829cd0b2532cb35baa192dcdcb6c0639a91?cid=162b7dc01f3a4a2ca32ed3cec83d1e02&utm_medium=facebook
147226597
713480731,https://p.scdn.co/mp3-preview/36913371ed4add0df664a629c0a5e3581c602e44?cid=1cd13eae9c6e43179ef1c3175572d4a3
1614278178,https://p.scdn.co/mp3-preview/fa06f656b18cea5af70e8d4efb1f3aad18c8b1be?cid=1cd13eae9c6e43179ef1c3175572d4a3
1443045435,https://p.scdn.co/mp3-preview/9cea57606ae7393df08b611e18f42b69db3081b2?cid=162b7dc01f3a4a2ca32ed3cec83d1e02
1627619929
1514427039
1641372963,https://p.scdn.co/mp3-preview/85a3a4522da71da0753cc111ef584ba884ebac08?cid=162b7dc01f3a4a2ca32ed3cec83d1e02&utm_medium=facebook
1536374080,https://p.scdn.co/mp3-preview/0a79299c1941b42c9d7d292b12ebbd2813efdc36?cid=162b7dc01f3a4a2ca32ed3cec83d1e02&utm_medium=facebook
1559175642,https://p.scdn.co/mp3-preview/4c781f63bdae577ee5f212640d0cbe1f18e2caae?cid=162b7dc01f3a4a2ca32ed3cec83d1e02&utm_medium=facebook
1613336412,https://p.scdn.co/mp3-preview/7d09e963cf87c0c5a745df71611af0c930944291?cid=162b7dc01f3a4a2ca32ed3cec83d1e02
1650366207,https://p.scdn.co/mp3-preview/8ad4cc7ae3d235e59f9bafa100258627603029c5?cid=162b7dc01f3a4a2ca32ed3cec83d1e02&utm_medium=facebook
1585392334,http://p.scdn.co/mp3-preview/bef36a031f692e602bed842df2e82dc7a82714ea?cid=162b7dc01f3a4a2ca32ed3cec83d1e02
161181883
1585397887,https://p.scdn.co/mp3-preview/af1bb2bf1d0ff77b11dab623204432260f93dfd1?cid=162b7dc01f3a4a2ca32ed3cec83d1e02
1585399214,https://p.scdn.co/mp3-preview/531aeeeceebaa7484eb33fc60205fcc6cecfc021?cid=162b7dc01f3a4a2ca32ed3cec83d1e02
1442399825,https://p.scdn.co/mp3-preview/53bd5963fff10525e339856d8f99abb0d32aa4f3?cid=162b7dc01f3a4a2ca32ed3cec83d1e02&utm_medium=facebook
1369065845,https://p.scdn.co/mp3-preview/ab8a4d80da6d0bf23dd877fba6f89ca189a2d555?cid=162b7dc01f3a4a2ca32ed3cec83d1e02&utm_medium=facebook
724373633
724373654,https://p.scdn.co/mp3-preview/1509631a77fa4a8bc401800a7fb9232f46f3607b?cid=162b7dc01f3a4a2ca32ed3cec83d1e02&utm_medium=facebook
1372128544
724373507,https://cdns-preview-1.dzcdn.net/stream/c-111e92619926b84b9c4bf70de16b0b9e-3.mp3
724373692,https://p.scdn.co/mp3-preview/46dfac97ab876a561733b4fdf7ff75ebad01dbbc?cid=162b7dc01f3a4a2ca32ed3cec83d1e02&utm_medium=facebook
724373534
266295432
266296187,https://p.scdn.co/mp3-preview/15b1d98cfc1ee966297a3a78eeb880120fa86181?cid=162b7dc01f3a4a2ca32ed3cec83d1e02&utm_medium=facebook
1442384268
1442629844
1443370307,https://p.scdn.co/mp3-preview/6b0e8b5e9f3377422d1832abb1710b22a1a61b84?cid=162b7dc01f3a4a2ca32ed3cec83d1e02
1444564246,https://p.scdn.co/mp3-preview/617a9d7d785b0ead389f27cf91a780eb427a1409?cid=162b7dc01f3a4a2ca32ed3cec83d1e02&utm_medium=facebook
1442629291
1442401884
1444400611,https://p.scdn.co/mp3-preview/012003b76b27fa46c31f913256b866a7c18f6c45?cid=162b7dc01f3a4a2ca32ed3cec83d1e02&utm_medium=facebook
1441967328,https://cdns-preview-1.dzcdn.net/stream/c-19b06c3dc78631373926aa44af539ef1-4.mp3
1062862850,https://p.scdn.co/mp3-preview/9c248f61349487ba00d40a16de50525bd6ffb1d8?cid=162b7dc01f3a4a2ca32ed3cec83d1e02&utm_medium=facebook
1062862845,https://p.scdn.co/mp3-preview/5d3c6e04a21ed9733c32f1eb6ee108cef69089ec?cid=162b7dc01f3a4a2ca32ed3cec83d1e02
371676818,https://cdns-preview-5.dzcdn.net/stream/c-5045825be29e395a142a16bf4efc9d05-8.mp3
1208034054
1208034057,https://p.scdn.co/mp3-preview/68087e9785ffe383230b92bb681f7e869d2593a0?cid=162b7dc01f3a4a2ca32ed3cec83d1e02
1010717151,https://p.scdn.co/mp3-preview/46a7eb0ff6b0880390f401e3f209ef05d86a9d7b?cid=162b7dc01f3a4a2ca32ed3cec83d1e02&utm_medium=facebook
1234610222,https://p.scdn.co/mp3-preview/27c6df542e38b4827af19acac52cdd25f037444a?cid=162b7dc01f3a4a2ca32ed3cec83d1e02
1088848846
81358234
81358308,https://p.scdn.co/mp3-preview/580c75f41e2c92e0d36829f669c0ace70ebb2f40?cid=162b7dc01f3a4a2ca32ed3cec83d1e02&utm_medium=facebook
81489347
81489390
81489471
440519828
315626464
1519623229,https://p.scdn.co/mp3-preview/f1aad2ac538b2a0c06b5eaa6e64927508054cd5c?cid=e10971e8edab41f8b0986464de19b8f3
1519612734
429142317,https://p.scdn.co/mp3-preview/fd9cb1148e4b6b612aa2dce13dd348a566f31986?cid=162b7dc01f3a4a2ca32ed3cec83d1e02
1443187466
1440817647
1442963345,https://p.scdn.co/mp3-preview/44577b17d036c6ef3e9291ba0bb485cd1a8e24ec?cid=162b7dc01f3a4a2ca32ed3cec83d1e02
1443115457,https://p.scdn.co/mp3-preview/9cc50b9e7e23a9844ddfbacf3713095b67f02096?cid=162b7dc01f3a4a2ca32ed3cec83d1e02&utm_medium=facebook
1443115469
32183409,https://cdns-preview-b.dzcdn.net/stream/c-b5e777021788fbcd591f4d98ceed0030-6.mp3
32183399,https://p.scdn.co/mp3-preview/03f179559b8e7a74c850c401eb329ac3a9c2a3f6?cid=162b7dc01f3a4a2ca32ed3cec83d1e02
1509439264,https://cdns-preview-4.dzcdn.net/stream/c-42c28ff735312014cbc69758188f8de6-8.mp3
1200435350
1200435345,https://p.scdn.co/mp3-preview/b2d636c273847e22ac4b2e2611374eeffa453ade?cid=162b7dc01f3a4a2ca32ed3cec83d1e02&utm_medium=facebook
1251904978
1336954436
1200435353,https://cdns-preview-b.dzcdn.net/stream/c-b3f07d7c3a9c2d722558d71fb5656b57-8.mp3
1200435346,https://cdns-preview-8.dzcdn.net/stream/c-82b50b73db24643d5d4072db7cd8ce2b-2.mp3
724338357,https://p.scdn.co/mp3-preview/e2455b7d5aab6916c38a608720187d49e96dc21f?cid=162b7dc01f3a4a2ca32ed3cec83d1e02&utm_medium=facebook
259406402,https://p.scdn.co/mp3-preview/9e2e946d04bd90821119af14f2aed48461d829f8?cid=162b7dc01f3a4a2ca32ed3cec83d1e02&utm_medium=facebook
259407525,https://p.scdn.co/mp3-preview/d88164f3e65e137da3d0942c4843dc5a2cbae59c?cid=162b7dc01f3a4a2ca32ed3cec83d1e02
317836792,https://p.scdn.co/mp3-preview/b4cfe6400a3024dd1a07c53ce0665bc38398d3d3?cid=162b7dc01f3a4a2ca32ed3cec83d1e02&utm_medium=facebook
335847417
356143681,https://p.scdn.co/mp3-preview/122577eac99779f3010de9e0ece9242ba1ab16c7?cid=162b7dc01f3a4a2ca32ed3cec83d1e02&utm_medium=facebook
1445571477,https://p.scdn.co/mp3-preview/30a527438bef3c00d0b1be12548308ed52e89122?cid=162b7dc01f3a4a2ca32ed3cec83d1e02&utm_medium=facebook
160995099,https://p.scdn.co/mp3-preview/ef40afe676c624e5aa2f08b7c82ef80557d5ea98?cid=162b7dc01f3a4a2ca32ed3cec83d1e02&utm_medium=facebook
1442911425
1442300699,https://p.scdn.co/mp3-preview/84efe414624dacd0e3bf30efe81ec0d1b9a052d0?cid=162b7dc01f3a4a2ca32ed3cec83d1e02
1532427385,https://audio-ssl.itunes.apple.com/itunes-assets/AudioPreview125/v4/9a/20/2c/9a202c37-a19e-7891-37f3-e9e97d0bcbf2/mzaf_14543883208992654159.plus.aac.ep.m4a
1532427340,https://p.scdn.co/mp3-preview/da3df8855aea582cae0e01816a62f79a338488c2?cid=162b7dc01f3a4a2ca32ed3cec83d1e02&utm_medium=facebook
993183839
1532427420,https://p.scdn.co/mp3-preview/7dd7c8c06c54a233e038aafa966fa54c3d1e7783?cid=162b7dc01f3a4a2ca32ed3cec83d1e02&utm_medium=facebook
1519939843,https://p.scdn.co/mp3-preview/6225d3dc5b9579dbdf4464dd8a3116d7616b5fb6?cid=162b7dc01f3a4a2ca32ed3cec83d1e02
333508466
299326993,https://p.scdn.co/mp3-preview/14e66993aff9e376b28ced39933c646b33142d0c?cid=162b7dc01f3a4a2ca32ed3cec83d1e02&utm_medium=facebook
1613835083,https://p.scdn.co/mp3-preview/fbd99f17a08f4f44271d8845f9a506d947dae020?cid=162b7dc01f3a4a2ca32ed3cec83d1e02&utm_medium=facebook
1609497995,https://p.scdn.co/mp3-preview/85e1628bd7a3c3c221fd59ebc9abefa9f7aecaa8?cid=162b7dc01f3a4a2ca32ed3cec83d1e02&utm_medium=facebook
1583547318
1556696616,https://p.scdn.co/mp3-preview/3777ccedaac2d1a8b34a680d48467f4bc10bc3ad?cid=162b7dc01f3a4a2ca32ed3cec83d1e02&utm_medium=facebook
1484509685
1575283109,https://cdns-preview-8.dzcdn.net/stream/c-8b90dbe5266726a060133107ef8245d2-3.mp3
1210402797
255957246,https://p.scdn.co/mp3-preview/e67e9b48dd1776caeb07e0b87eef7c10bcb93cd8?cid=162b7dc01f3a4a2ca32ed3cec83d1e02&utm_medium=facebook
1583584227,https://p.scdn.co/mp3-preview/e91bad39fc7da10b0b8ed9af9e94bb7ce36096df?cid=162b7dc01f3a4a2ca32ed3cec83d1e02&utm_medium=facebook
1496797618
1441773859,https://p.scdn.co/mp3-preview/9a9587822a109e7a46dfd942a05048c49929d5f5?cid=162b7dc01f3a4a2ca32ed3cec83d1e02&utm_medium=facebook
1182640429,https://p.scdn.co/mp3-preview/14ceb07ae3c476fa10d451c9206ffd77c11e8994?cid=162b7dc01f3a4a2ca32ed3cec83d1e02&utm_medium=facebook
1038930556
1038930563
1038930549,https://p.scdn.co/mp3-preview/d9ed9c561114f42b159225ce1b111a1c470b7870?cid=162b7dc01f3a4a2ca32ed3cec83d1e02&utm_medium=facebook
632050449,https://p.scdn.co/mp3-preview/7b76c2ef01f7ae410a823005d143cc4ed52bdd0e?cid=162b7dc01f3a4a2ca32ed3cec83d1e02&utm_medium=facebook
1038930561,https://cdns-preview-2.dzcdn.net/stream/c-28c9b9e5c0c432600a9822b4ef2b8b2b-2.mp3
727742011,https://p.scdn.co/mp3-preview/28c83fbc33076125407f2f2cf96b66d223fac308?cid=162b7dc01f3a4a2ca32ed3cec83d1e02&utm_medium=facebook
1523314286,https://p.scdn.co/mp3-preview/2eeece6a1a0d33eef06c0f1e938d17279efccf81?cid=162b7dc01f3a4a2ca32ed3cec83d1e02&utm_medium=facebook
1513942082,https://cdns-preview-b.dzcdn.net/stream/c-bd79bb0c3296d5cb546b3791cf62330d-4.mp3
1521847685,https://p.scdn.co/mp3-preview/db708f0008741191acf403d0fbb4662f210e41f2?cid=162b7dc01f3a4a2ca32ed3cec83d1e02&utm_medium=facebook
1620644586
1085591649,https://cdns-preview-6.dzcdn.net/stream/c-68abb9c3d419cbe5d0fb1838381cb333-3.mp3
275828467,https://cdns-preview-f.dzcdn.net/stream/c-f5efc8e45768cde13da5a879817f670b-2.mp3
323859403
1261285104
1219059338
1219061740
1444311426
1303579749,https://p.scdn.co/mp3-preview/8c3cba36d8a596f13f1e0cf9f21ee3da5e4ef96c?cid=162b7dc01f3a4a2ca32ed3cec83d1e02&utm_medium=facebook
1219059345,https://p.scdn.co/mp3-preview/094f26223d36d5b2c5ef5c4816780d3d213018fe?cid=162b7dc01f3a4a2ca32ed3cec83d1e02&utm_medium=facebook
1443359437
1219059353,https://p.scdn.co/mp3-preview/d5832df10ef22201f93f07b3262e89bb2dedcf4e?cid=162b7dc01f3a4a2ca32ed3cec83d1e02&utm_medium=facebook
1219059339,https://p.scdn.co/mp3-preview/0dc20aa1ab06d824261b044c0b27234e26909958?cid=162b7dc01f3a4a2ca32ed3cec83d1e02&utm_medium=facebook
306576791,https://p.scdn.co/mp3-preview/0008ab96ae738c4df2119cb59aac67e6c3439485?cid=162b7dc01f3a4a2ca32ed3cec83d1e02&utm_medium=facebook
1220606409,https://p.scdn.co/mp3-preview/69be7f792280f1419b5b7517ff580403f5d0119e?cid=162b7dc01f3a4a2ca32ed3cec83d1e02&utm_medium=facebook
1219059327,https://cdns-preview-8.dzcdn.net/stream/c-8f777a9dcd3566e3ee147915b70a833a-4.mp3
1219059334,https://p.scdn.co/mp3-preview/1ad15fa76942141c06fb992d711322f4947d90cc?cid=162b7dc01f3a4a2ca32ed3cec83d1e02&utm_medium=facebook
1224948388,https://p.scdn.co/mp3-preview/060b49e9502853d5b2fee4e3ae4641ea189a7522?cid=162b7dc01f3a4a2ca32ed3cec83d1e02&utm_medium=facebook
1224948391,https://cdns-preview-0.dzcdn.net/stream/c-0741a4bb8c1b4348680d4be1c43c0342-4.mp3
183349560
1477994464,https://audio-ssl.itunes.apple.com/itunes-assets/AudioPreview125/v4/14/ca/0c/14ca0cee-b64a-dbd9-b3f0-ddc317d8a82e/mzaf_1849776204168278238.plus.aac.ep.m4a
1568485665
1455647177,https://p.scdn.co/mp3-preview/0c196f03d1e8a040f11dfce4dcb1b95f2fb5e0b5?cid=162b7dc01f3a4a2ca32ed3cec83d1e02&utm_medium=facebook
203454128,https://p.scdn.co/mp3-preview/97a8cc15df8da116a4943e8eedc8e3088286c1bf?cid=162b7dc01f3a4a2ca32ed3cec83d1e02&utm_medium=facebook
1448378495,https://p.scdn.co/mp3-preview/647d768edb877e64c5f15a9d018c647be71b83f6?cid=162b7dc01f3a4a2ca32ed3cec83d1e02&utm_medium=facebook
203453696,https://audio-ssl.itunes.apple.com/itunes-assets/AudioPreview125/v4/97/d2/db/97d2db54-5a70-6932-fadd-390c09aff8ba/mzaf_876204059464948527.plus.aac.ep.m4a
203454576,https://p.scdn.co/mp3-preview/e764d321e7db43c8c9a06f24d02ced5e7463b7b9?cid=162b7dc01f3a4a2ca32ed3cec83d1e02&utm_medium=facebook
912771432,https://p.scdn.co/mp3-preview/9cef26d05a5db45d8e25ba5d195e08218abf1a1f?cid=162b7dc01f3a4a2ca32ed3cec83d1e02&utm_medium=facebook
1325634410,https://p.scdn.co/mp3-preview/1d326d45266ae680a0b2b98cee6204b44bb4784d?cid=162b7dc01f3a4a2ca32ed3cec83d1e02&utm_medium=facebook
1574342046,https://p.scdn.co/mp3-preview/3bf9b94dd90b52a87d4a3fe5eb08ca218057d6a7?cid=162b7dc01f3a4a2ca32ed3cec83d1e02&utm_medium=facebook
1403859303
448662589
1468897515
252644554
449126057
1542125733,https://p.scdn.co/mp3-preview/8d06ff1f4fffd78d03b96235b5566279f92acd60?cid=162b7dc01f3a4a2ca32ed3cec83d1e02&utm_medium=facebook
449126065
283514450,https://p.scdn.co/mp3-preview/8b071639ea1949bf40ed19c6bb641b69b9e5f5eb?cid=162b7dc01f3a4a2ca32ed3cec83d1e02&utm_medium=facebook
543867644
824788008
296475046,https://cdns-preview-5.dzcdn.net/stream/c-5c2b51c6c6c98421332295789db2ed49-5.mp3
1328466831,https://p.scdn.co/mp3-preview/bd59a63215c6bfae92e5065ef2d6971e1b0bf8a6?cid=162b7dc01f3a4a2ca32ed3cec83d1e02&utm_medium=facebook
211351651
1667237258
1444333442,https://p.scdn.co/mp3-preview/9ba4f70eb681e564601d3586e2f23169ae042702?cid=162b7dc01f3a4a2ca32ed3cec83d1e02&utm_medium=facebook
1444324603
484546851,https://p.scdn.co/mp3-preview/4e65e2669c4d6c560bcf3191c8602ea8fb2d8bce?cid=162b7dc01f3a4a2ca32ed3cec83d1e02&utm_medium=facebook
1127405888
1013927845
1055600851
1055600852
338258788,https://p.scdn.co/mp3-preview/87bcfe415e9c1630b9de1d434d0686fed4098dbb?cid=162b7dc01f3a4a2ca32ed3cec83d1e02&utm_medium=facebook
338258733
1278291049
401655982,https://cdns-preview-0.dzcdn.net/stream/c-0ccdbcd199bb65ee8736e8c42f2ac720-3.mp3
1300593722
96833473,https://p.scdn.co/mp3-preview/17bc8114df45b17098d8e354da5d9031d8f1bd7f?cid=162b7dc01f3a4a2ca32ed3cec83d1e02&utm_medium=facebook
279479942
1319767712,https://p.scdn.co/mp3-preview/e88f099349bb426087dcc0716106fc138e4c5300?cid=162b7dc01f3a4a2ca32ed3cec83d1e02&utm_medium=facebook
1591425142,https://cdns-preview-6.dzcdn.net/stream/c-6b43903ed9701b9ff206e6619ebe9cdd-4.mp3
1027939536,https://p.scdn.co/mp3-preview/1e148b80fdc4d3c06e7ee7f49e9ff80f27e78650?cid=162b7dc01f3a4a2ca32ed3cec83d1e02&utm_medium=facebook
508812725,https://p.scdn.co/mp3-preview/097114e71f5d207fa5ca83d61019dc92185cc6d1?cid=162b7dc01f3a4a2ca32ed3cec83d1e02&utm_medium=facebook
631201402
584870442
430602654
260641566
1548680688,https://p.scdn.co/mp3-preview/e6965abc5126d41191d990daafcde4d759a0ff1c?cid=162b7dc01f3a4a2ca32ed3cec83d1e02&utm_medium=facebook
1442289020
1224914189,https://p.scdn.co/mp3-preview/281f07226ba4b34f726db4f7b6fd5a1089c5000a?cid=162b7dc01f3a4a2ca32ed3cec83d1e02&utm_medium=facebook
1316446446,https://cdns-preview-0.dzcdn.net/stream/c-038b3276bc58ffa59fc07cdd5fa09b62-6.mp3
312875933,https://p.scdn.co/mp3-preview/92ca2d87c4dd769d01075e88e0d0b4ee1ad37eb6?cid=162b7dc01f3a4a2ca32ed3cec83d1e02&utm_medium=facebook
579605438
524996198,https://cdns-preview-e.dzcdn.net/stream/c-e6dd176a18fabf3984bdf19620d2b918-6.mp3
631201331
1330651549,https://cdns-preview-e.dzcdn.net/stream/c-ea289b438dd7f65caf49452ed43bfd14-7.mp3
1233624605,https://p.scdn.co/mp3-preview/503e2369aa861d55717acfde18354f5a146d2c8c?cid=162b7dc01f3a4a2ca32ed3cec83d1e02&utm_medium=facebook
696827485
573957043
1615853188
1442412135,https://cdns-preview-a.dzcdn.net/stream/c-a8bc320a40ec5110ee5f0238567f7623-6.mp3
1455090089
1482931962,https://cdns-preview-4.dzcdn.net/stream/c-42a12f97f8f107e372975277b4ad5591-6.mp3
1510565172,https://cdns-preview-d.dzcdn.net/stream/c-ddb1167fb1eadc98da72477f8ad8b6f2-6.mp3
1536125831,https://p.scdn.co/mp3-preview/5f410937c06b766f3f6c9b063e442e0f178b97d5?cid=162b7dc01f3a4a2ca32ed3cec83d1e02&utm_medium=facebook
1635790880,https://cdns-preview-7.dzcdn.net/stream/c-74f9cb3cb7244bf8bd323419aa1f3aa7-6.mp3
1320197791
1436593540,https://cdns-preview-1.dzcdn.net/stream/c-189ac7ac6789f276d530ac12e909db83-7.mp3
1446897028
1053163779,https://p.scdn.co/mp3-preview/6d5114806e1a36e9ceefac898d6300f7a2aea7e6?cid=162b7dc01f3a4a2ca32ed3cec83d1e02&utm_medium=facebook
1451579779
1451747304,https://p.scdn.co/mp3-preview/53aa9f230073a35951195f8b33945eaecc91d1af?cid=162b7dc01f3a4a2ca32ed3cec83d1e02&utm_medium=facebook
1478263947,https://p.scdn.co/mp3-preview/202612fe2e70866bbc4a3917ccb2f58db4bf8860?cid=162b7dc01f3a4a2ca32ed3cec83d1e02&utm_medium=facebook
1583889861,https://cdns-preview-0.dzcdn.net/stream/c-063e7098cb68226277937188da0173b3-4.mp3
1620678955,https://p.scdn.co/mp3-preview/cd4dc86045bc74339a2b98abf50292131e7e6f78?cid=162b7dc01f3a4a2ca32ed3cec83d1e02
1442330106,https://p.scdn.co/mp3-preview/bd9749b1ef0469265e5cfeb3bab73b7a769aeee5?cid=162b7dc01f3a4a2ca32ed3cec83d1e02
1518898167,https://p.scdn.co/mp3-preview/2136068722e2cca130958945252fa6d607567760?cid=162b7dc01f3a4a2ca32ed3cec83d1e02&utm_medium=facebook
258505993,https://p.scdn.co/mp3-preview/f76c1e2d47fcf07561c2d7c7e1a991e15150cbf2?cid=162b7dc01f3a4a2ca32ed3cec83d1e02&utm_medium=facebook
306510721,https://cdns-preview-8.dzcdn.net/stream/c-819165ebf0b22e2501bba4a34b9fe657-5.mp3
306510890
913094345
1545818731,https://p.scdn.co/mp3-preview/2613fa6a5aee952438685c18ff47a72a844d606c?cid=162b7dc01f3a4a2ca32ed3cec83d1e02&utm_medium=facebook
1523402655,https://p.scdn.co/mp3-preview/e55c9b04bba360e0f6e92103af245082d53e2ed5?cid=162b7dc01f3a4a2ca32ed3cec83d1e02&utm_medium=facebook
1523382271,https://cdns-preview-a.dzcdn.net/stream/c-a8f8cc2b1f2862e0fb9d4d34d82d3d1b-7.mp3
317184967
354992192,https://audio-ssl.itunes.apple.com/itunes-assets/AudioPreview125/v4/6e/ea/1e/6eea1ede-0edf-6bf3-8692-31aa383aa3fe/mzaf_11551372053825053182.plus.aac.ep.m4a
1308901505
1224963457,https://cdns-preview-b.dzcdn.net/stream/c-bb1368fcd4b7170a1073765b52c3e338-5.mp3
1221218206,https://p.scdn.co/mp3-preview/997736a37dd159472630dd6ed4af0991c898d7c3?cid=162b7dc01f3a4a2ca32ed3cec83d1e02&utm_medium=facebook
1221218208,https://p.scdn.co/mp3-preview/5a80c47d8a048df3c13bf81fa59294a63ad4bbe9?cid=162b7dc01f3a4a2ca32ed3cec83d1e02&utm_medium=facebook
317319485,https://p.scdn.co/mp3-preview/c01e2a426ca912a6269f230e767a8a371744db68?cid=162b7dc01f3a4a2ca32ed3cec83d1e02&utm_medium=facebook
508799461
179342393
455218782
592388530
104581124
1337205474
1337756560
1480279496,https://p.scdn.co/mp3-preview/b45bae848b9797a82906fa08c7b07562fd31a0aa?cid=162b7dc01f3a4a2ca32ed3cec83d1e02&utm_medium=facebook
1511977726
1462755255
391800989,https://cdns-preview-a.dzcdn.net/stream/c-aac7982f6f541ad75248cd0eb7db4f3d-1.mp3
1631127249
1631127084
1631127251
1631127272
1631127250
1631127427
1631127440
1478401951,https://p.scdn.co/mp3-preview/dfbc8fbf6e9b6ee49f7ae3328c5a057decee23b8?cid=162b7dc01f3a4a2ca32ed3cec83d1e02&utm_medium=facebook
1484930884
325050613
1484931007,https://p.scdn.co/mp3-preview/0a1bbfc08876741568d4198fba6808b782e01b79?cid=162b7dc01f3a4a2ca32ed3cec83d1e02&utm_medium=facebook
1478606208,https://cdns-preview-0.dzcdn.net/stream/c-00cc23d0b555fa5fee2210055d76a36b-3.mp3
113694144,https://p.scdn.co/mp3-preview/fa29df3b0f549ec05ddbb668a44b765db23a4d5b?cid=162b7dc01f3a4a2ca32ed3cec83d1e02&utm_medium=facebook
275778289,https://p.scdn.co/mp3-preview/2cf641da6273853a2ccfcb2e2d9fe19b6a84c49c?cid=162b7dc01f3a4a2ca32ed3cec83d1e02&utm_medium=facebook
606563634
275778147,https://cdns-preview-f.dzcdn.net/stream/c-f78957db800b7835a9fd27606549d1d7-1.mp3
275778096,https://cdns-preview-5.dzcdn.net/stream/c-5ab395866735b2d75a1f8475501988b1-2.mp3
1444594499,https://p.scdn.co/mp3-preview/5a1aa4c5a5411323652f060fe07cd72752404879?cid=162b7dc01f3a4a2ca32ed3cec83d1e02&utm_medium=facebook
1442588676,https://p.scdn.co/mp3-preview/eff44305a4deec518b7db0c630dff326af51c409?cid=162b7dc01f3a4a2ca32ed3cec83d1e02&utm_medium=facebook
1496340305,https://p.scdn.co/mp3-preview/5901823a41352b7e6b562b926867b32a5ebc6391?cid=162b7dc01f3a4a2ca32ed3cec83d1e02&utm_medium=facebook
933922894
1317415295
1302835531
1350836221,https://p.scdn.co/mp3-preview/cb34c5621cdad563b7e10e2d0c8e2ff8161a6e4f?cid=162b7dc01f3a4a2ca32ed3cec83d1e02&utm_medium=facebook
1346088969
1278056759
1590234686,https://cdns-preview-a.dzcdn.net/stream/c-a8f5e2099ac5e45bfac0a36f6a77b28b-4.mp3
1557688913,https://p.scdn.co/mp3-preview/63946db364f5613e61f822cbdf5ced79a210d5a4?cid=162b7dc01f3a4a2ca32ed3cec83d1e02&utm_medium=facebook
1541603179,https://cdns-preview-b.dzcdn.net/stream/c-b380fbe90441ef8afc8aca0cdca0cc60-7.mp3
855024063,https://cdns-preview-4.dzcdn.net/stream/c-4e6a9509a1e5e1a100354ae5fa87c3c1-9.mp3
855024161,https://p.scdn.co/mp3-preview/f32d3d9479dc601feee491679d909d90598f2ce2?cid=162b7dc01f3a4a2ca32ed3cec83d1e02&utm_medium=facebook
855024069,https://p.scdn.co/mp3-preview/68932de678107534252bde9687e3a0fb2a77dbcb?cid=162b7dc01f3a4a2ca32ed3cec83d1e02&utm_medium=facebook
855024150,https://p.scdn.co/mp3-preview/cb61ab4b5041b22a68b7363aaeae34c6e7eedf9a?cid=162b7dc01f3a4a2ca32ed3cec83d1e02&utm_medium=facebook
1435607623,https://p.scdn.co/mp3-preview/66c202f53a0c6951f3047794bee9ae2ea83f7503?cid=162b7dc01f3a4a2ca32ed3cec83d1e02&utm_medium=facebook
1445051071,https://cdns-preview-f.dzcdn.net/stream/c-f62247ed523bd375a0e23ed14e4e13fd-6.mp3
1445300966
1444870145,https://cdns-preview-4.dzcdn.net/stream/c-4d06880ec26eaf950a6d0afafc7332a3-6.mp3
207529690,https://p.scdn.co/mp3-preview/cba47893bae28e500558e14279c03092a4d67f0b?cid=162b7dc01f3a4a2ca32ed3cec83d1e02&utm_medium=facebook
925674858,https://p.scdn.co/mp3-preview/8ac0f667e157f726d0c03ff89ea6f1a2246fa23c?cid=162b7dc01f3a4a2ca32ed3cec83d1e02&utm_medium=facebook
1373149278
1337754687
1365647864,https://cdns-preview-0.dzcdn.net/stream/c-00f7c63dd4bea0acc75ea4d8b5ae6594-8.mp3
486996679
835895899,https://p.scdn.co/mp3-preview/fc77636a12bfd562d54e32da458f12cd7da2a255?cid=162b7dc01f3a4a2ca32ed3cec83d1e02&utm_medium=facebook
1501576640
1442781154
1355052754
1440738915,https://p.scdn.co/mp3-preview/afceb332092dfaa2af2a14fa0eaabbd58539e451?cid=162b7dc01f3a4a2ca32ed3cec83d1e02&utm_medium=facebook
1319190395
1539215862
724142954,https://p.scdn.co/mp3-preview/f212e6ffb779b84bf261af8d6a831c4d56e1abba?cid=162b7dc01f3a4a2ca32ed3cec83d1e02&utm_medium=facebook
289244532,https://p.scdn.co/mp3-preview/36f88214924f935b99dc798db10a2a12646b7748?cid=162b7dc01f3a4a2ca32ed3cec83d1e02&utm_medium=facebook
152712800,https://p.scdn.co/mp3-preview/507fd33998b7d92c6258249b68dbb269198cf2f5?cid=162b7dc01f3a4a2ca32ed3cec83d1e02&utm_medium=facebook
501699137,https://p.scdn.co/mp3-preview/ec2c1fb8bd06067a90d4596aefbbdfaf1407ede9?cid=162b7dc01f3a4a2ca32ed3cec83d1e02
1551838619,https://p.scdn.co/mp3-preview/4cdeca0db5106eb8ca3963d57e4436a702141386?cid=162b7dc01f3a4a2ca32ed3cec83d1e02&utm_medium=facebook
1371915839,https://cdns-preview-d.dzcdn.net/stream/c-d3cd2d9fc06bcdf4444ed7e9439778ee-3.mp3
570679948
712795707
712795711,https://p.scdn.co/mp3-preview/c47bb1c9c3678c0f08893ae5b4d710a4d7e807c3?cid=162b7dc01f3a4a2ca32ed3cec83d1e02&utm_medium=facebook
715636928,https://p.scdn.co/mp3-preview/0214389ed0b4db2038cda22625baeacff93097e9?cid=162b7dc01f3a4a2ca32ed3cec83d1e02&utm_medium=facebook
1452857166,https://p.scdn.co/mp3-preview/574183306560da93489c91fe93a85bdaee321e28?cid=162b7dc01f3a4a2ca32ed3cec83d1e02&utm_medium=facebook
1452855440,https://p.scdn.co/mp3-preview/68b44bb72209cf211e63be13429c4417468b307c?cid=162b7dc01f3a4a2ca32ed3cec83d1e02&utm_medium=facebook
1443078458,https://p.scdn.co/mp3-preview/5f6153675f1d6bbd5a7ebde063f3f3e3975cf2bc?cid=162b7dc01f3a4a2ca32ed3cec83d1e02&utm_medium=facebook
1452269501
1442400521
201813516,https://p.scdn.co/mp3-preview/08805d285af76aee05c3dfdb4bdc2c1c71c2ae18?cid=162b7dc01f3a4a2ca32ed3cec83d1e02&utm_medium=facebook
259409360,https://cdns-preview-e.dzcdn.net/stream/c-ed03b46b51a19b3679d276c7c9b999a7-4.mp3
259408883,https://p.scdn.co/mp3-preview/d79be1b8de0ba420cd5f9954025b04aa82e50695?cid=162b7dc01f3a4a2ca32ed3cec83d1e02&utm_medium=facebook
932844939
969042018,https://p.scdn.co/mp3-preview/2c87bb1bdf9c292e052c0c3f300b4429b55ff13a?cid=162b7dc01f3a4a2ca32ed3cec83d1e02
933906637,https://p.scdn.co/mp3-preview/d756e8c61d070100fe2ca1827099c8df2383b5a2?cid=162b7dc01f3a4a2ca32ed3cec83d1e02&utm_medium=facebook
932844975,https://p.scdn.co/mp3-preview/ff60023c07db2284a73de0b0c03c3ce12194df64?cid=162b7dc01f3a4a2ca32ed3cec83d1e02&utm_medium=facebook
306477224,https://cdns-preview-1.dzcdn.net/stream/c-170aeba9b509cacddc1956f6cacb4472-1.mp3
697584130,https://p.scdn.co/mp3-preview/3587da4647bbb8ee3386dc17007e0070a94938de?cid=162b7dc01f3a4a2ca32ed3cec83d1e02&utm_medium=facebook
695810061
693564157,https://cdns-preview-f.dzcdn.net/stream/c-f7352d69f2193a5b8a730a66c64f9a06-5.mp3
260125718,https://p.scdn.co/mp3-preview/d400d662add1c641984edbf23f5f8b6f47cd611e?cid=162b7dc01f3a4a2ca32ed3cec83d1e02&utm_medium=facebook
1480011617,https://p.scdn.co/mp3-preview/402181db652c8fe916e957738673e5ea93551ef2?cid=162b7dc01f3a4a2ca32ed3cec83d1e02&utm_medium=facebook
366419129,https://p.scdn.co/mp3-preview/27875b04adf929d88a29e13bf270d9c9afa7fe3c?cid=162b7dc01f3a4a2ca32ed3cec83d1e02&utm_medium=facebook
1443374286
933905907,https://cdns-preview-7.dzcdn.net/stream/c-7e3c10cedcdb8ff5da04f5f38de7e660-3.mp3
1442337864
1442337877,https://p.scdn.co/mp3-preview/1f9a379bbcfe8fcc4cd921bbb2f3d178b9bfd3ca?cid=162b7dc01f3a4a2ca32ed3cec83d1e02
441469530
184803730
184798798,https://p.scdn.co/mp3-preview/a886a5e32855d1fb2960ea5ccd7861f9f2e3b9e2?cid=162b7dc01f3a4a2ca32ed3cec83d1e02
1499333187,https://p.scdn.co/mp3-preview/034ddafdaaed223bda471d44a49bb5952040b2ae?cid=162b7dc01f3a4a2ca32ed3cec83d1e02&utm_medium=facebook
1065524289,https://p.scdn.co/mp3-preview/b622f8e126cd131d70c8643d0e70a9d8074ddea6?cid=162b7dc01f3a4a2ca32ed3cec83d1e02
1065524844,https://p.scdn.co/mp3-preview/23003214f96223283b864b22aa6be1b872e2c7f6?cid=162b7dc01f3a4a2ca32ed3cec83d1e02&utm_medium=facebook
902031872,https://p.scdn.co/mp3-preview/a1b8d28d974b92889e74c22c0813d276ee299b4a?cid=162b7dc01f3a4a2ca32ed3cec83d1e02
902118148,https://cdns-preview-a.dzcdn.net/stream/c-a75246221f70db5b6c603fb8703c7a44-2.mp3
902122706,https://p.scdn.co/mp3-preview/568343ed9ec84870725fe4ff06add908e5c67a0f?cid=162b7dc01f3a4a2ca32ed3cec83d1e02&utm_medium=facebook
1107583330,https://p.scdn.co/mp3-preview/21984ce14699046b6458480ea63ae1fb0229c68b?cid=162b7dc01f3a4a2ca32ed3cec83d1e02&utm_medium=facebook
902122706
902177884,https://p.scdn.co/mp3-preview/e9a90d310632c8d582d043bc42ce1a57ed4c66f8?cid=162b7dc01f3a4a2ca32ed3cec83d1e02&utm_medium=facebook
902033952
902124682,https://cdns-preview-d.dzcdn.net/stream/c-d521eefd370de2be89b0515ff46a4ab3-3.mp3
902031836,https://p.scdn.co/mp3-preview/66685185265ec02509a35bd9404557a221eeece3?cid=162b7dc01f3a4a2ca32ed3cec83d1e02&utm_medium=facebook
1597598314
1495846242,https://p.scdn.co/mp3-preview/3b1ad751f0863c53a4d509a859c4fa79c99821dc?cid=162b7dc01f3a4a2ca32ed3cec83d1e02
1495845531,https://p.scdn.co/mp3-preview/494e50f21fbc82f3cec08d75acd414645990d1a2?cid=162b7dc01f3a4a2ca32ed3cec83d1e02&utm_medium=facebook
1495846512,https://p.scdn.co/mp3-preview/536207a3717528bcc0b93c589c884381ef45d1ab?cid=162b7dc01f3a4a2ca32ed3cec83d1e02
1495846586,https://cdns-preview-2.dzcdn.net/stream/c-233abf988646a1e2a21adad4787d9f2e-2.mp3
1495846911,https://cdns-preview-c.dzcdn.net/stream/c-c4e69b2bbd2b18d1cb8316630d37cc98-3.mp3
634861056,https://p.scdn.co/mp3-preview/601a2baeb55b1cbe6e2a3fb4dc8114c17b8cc034?cid=162b7dc01f3a4a2ca32ed3cec83d1e02
1337087177
1343880900
1346088035
1496578400
1385091263
285800022
1610015078
1336547620
1440823252
1532019310
1553904995,https://p.scdn.co/mp3-preview/63d02ebc5b4e1a56a9e24e0504b7367e32316fe5?cid=162b7dc01f3a4a2ca32ed3cec83d1e02&utm_medium=facebook
1553904991,https://p.scdn.co/mp3-preview/c22ef1be4217056a996c0183e6c1ddf39c80fdce?cid=162b7dc01f3a4a2ca32ed3cec83d1e02&utm_medium=facebook
1553279266,https://p.scdn.co/mp3-preview/7a8706e2800a50d9cd0d9eed20e0aa0d4fa5cc40?cid=162b7dc01f3a4a2ca32ed3cec83d1e02&utm_medium=facebook
1553280566,https://p.scdn.co/mp3-preview/888cfabe3a085626d84ce516d0819de43295fa6d?cid=162b7dc01f3a4a2ca32ed3cec83d1e02&utm_medium=facebook
297448452
98590213,https://p.scdn.co/mp3-preview/a52516ba501afad159c452ea4ec52caeefb0722d?cid=162b7dc01f3a4a2ca32ed3cec83d1e02&utm_medium=facebook
297374411
297365745,https://p.scdn.co/mp3-preview/478a145cccf1f43870427315065fe6e9753ed788?cid=162b7dc01f3a4a2ca32ed3cec83d1e02&utm_medium=facebook
297374420
297365751
297374400,https://p.scdn.co/mp3-preview/96ff0a17677349acb7305310ca632ff823dc2f64?cid=162b7dc01f3a4a2ca32ed3cec83d1e02
1439904919
119840744
275486349,https://p.scdn.co/mp3-preview/1dbdc6122154deb8144e541ef58f80726c724f65?cid=162b7dc01f3a4a2ca32ed3cec83d1e02&utm_medium=facebook
275486428,https://p.scdn.co/mp3-preview/6df90e78c05862bb1c320638c17e3d5ff45db8b8?cid=162b7dc01f3a4a2ca32ed3cec83d1e02&utm_medium=facebook
1631125587
1670904650,https://p.scdn.co/mp3-preview/c4b0d6c378651b9d5c58e198ea4da2a45e3d7491
1685931448
1677106761
1652596747,https://p.scdn.co/mp3-preview/9e279771815ca6d1e18aca855b698bed4a3cf812
1676888615,https://p.scdn.co/mp3-preview/12af53e384f47e037d9017f38685a806798e7250
1658548917,https://p.scdn.co/mp3-preview/0b8581b94086e28904a5e62c02fc1b64cdc4e64e
1675395554
1253495899,https://p.scdn.co/mp3-preview/3608b981a7c7767a0ecf5ac6c9ed35ac502ae6ed
1657740901
1670904650,https://p.scdn.co/mp3-preview/c4b0d6c378651b9d5c58e198ea4da2a45e3d7491
1652596747
1689702088
1697506042,https://p.scdn.co/mp3-preview/8df0d4e1e98c5c335dba38cbc6541a6a60383df8
1685931448
1724044410
1661489554,https://p.scdn.co/mp3-preview/9afaf077727b5366bf3bf53b4e5c41f544f0e5ad
1676888615,https://cdn-preview-a.dzcdn.net/stream/c-a30c188790d31b81a1b936bb0cec01f9-3.mp3
1658548917,https://p.scdn.co/mp3-preview/0b8581b94086e28904a5e62c02fc1b64cdc4e64e
1709484546
1697319116,https://p.scdn.co/mp3-preview/2ef75403e7f4cd4c4b3e39866e77d3bc7cee641a
1677106761
1689560752,https://p.scdn.co/mp3-preview/03d31f9e53977676b2323a81f70abdaef3a8f29b
1699196950,https://cdn-preview-3.dzcdn.net/stream/c-3c60531c2afc3f66ff73ed725d83372c-2.mp3
1713618056
1708569774,https://p.scdn.co/mp3-preview/d65cd034d2aaee65dfce8ee995169be795bf647d
1713695414
1711047272,https://p.scdn.co/mp3-preview/58fb83e16b191cc5fa8711dd6c6fb9a1a9c1d2f3
1700751916
1716907478,https://p.scdn.co/mp3-preview/96dd295a900f39b21c979086685e11373e0bb238
1723046101
1718526481,https://p.scdn.co/mp3-preview/424d8d30f5972ac46afc1f27a7386578898082eb
1715270321,https://p.scdn.co/mp3-preview/9a03a81d668c3aa3c8808cb28e2efd16ae11e173
1732041802,https://cdn-preview-2.dzcdn.net/stream/c-219cd831967b839b01e60c424ec466ab-2.mp3
1726980516,https://p.scdn.co/mp3-preview/5a86b6cf7950a437943e35db29fa6746b1694e04
1719797324
1722211106,https://p.scdn.co/mp3-preview/b1d8d4ddecc99c06ae0d70f7e9bd5f941be37cb6
1724215722
1724840610,https://p.scdn.co/mp3-preview/bca2b7d174592376a1b247ea566c3d5d65dd0d03
1724184837,https://p.scdn.co/mp3-preview/85ca8c53e9fdee83e460fb7497100f79b67b500b
1737508482
1735304218,https://p.scdn.co/mp3-preview/49d210f7580d43bd58bb3878411ddcfd420bccd5
1721899043
1740557133,https://cdn-preview-b.dzcdn.net/stream/c-b934ac4e722f6425ab32aca1a6663809-2.mp3
1693363201,https://p.scdn.co/mp3-preview/1c0a83806d2492867d3f25e0ecacbc15a7ee3f70
1748816225
1689036131,https://p.scdn.co/mp3-preview/dcbddd27d988a571c0ab3e5b40e9e408190c322d
1745364715
1749556704,https://p.scdn.co/mp3-preview/7a2d0f6fc7cdea6753380de3b9c64f8042a4bed9
1449418937
1619850629,https://p.scdn.co/mp3-preview/a2a5565b2e8c786eed9954e2cdebb6352668356c
1703863353
1745324650,https://p.scdn.co/mp3-preview/66cd2a975ea590a619c2b0588daa586138e46492
1753741796
1734249038
1618938110
1118942986
1403902669,https://cdn-preview-2.dzcdn.net/stream/c-2edb96418c9cfbcf6720bca9f09322e3-5.mp3
258670694
258670682
1626873929,https://p.scdn.co/mp3-preview/8a2302580fd4d52db0a2b503116749952f41c7c5
1359731614,https://p.scdn.co/mp3-preview/60a5f623bb585fb2e761a89b42073dc0eab0d82b
152436126
362951080,https://p.scdn.co/mp3-preview/8e57d34f6a4f65927e83ff084f2b969dcdadea9f
152436089,https://p.scdn.co/mp3-preview/1859f0d212667dc671bd9e1a6ba60fdcf8e31273
1742102159
1347951281
293318087,https://p.scdn.co/mp3-preview/402d2aa57132a66614471cb6fc0614da3b7c8daa
823703920
1212962589,https://p.scdn.co/mp3-preview/ed3bed784c23abdd902e424824bff1f10ec79d45
1586795519,https://p.scdn.co/mp3-preview/40d8c1019c428ffc525f866774ef6ca819ed8b06
1675813322,https://p.scdn.co/mp3-preview/a26b14af855a320d1ea50ad4227af503716971e4
1760537646
1750002420,https://p.scdn.co/mp3-preview/dce7a73650f9884d041189b148ad2dc786f485e0
1765150566,https://p.scdn.co/mp3-preview/a24edd763b1f7ef17b069364aed275762c430299
1764892201